{
  "project_info": {
    "project_number": "671310348420",
    "project_id": "healthapp-f6692",
    "storage_bucket": "healthapp-f6692.appspot.com"
  },
  "client": [
    {
      "client_info": {
        "mobilesdk_app_id": "1:671310348420:android:f0402ed6cde069163682d1",
        "android_client_info": {
          "package_name": "com.example.app"
        }
      },
      "oauth_client": [
        {
          "client_id": "671310348420-f9ud8u3mpn3qee5lh8u295a7un0r08h4.apps.googleusercontent.com",
          "client_type": 3
        }
      ],
      "api_key": [
        {
          "current_key": "AIzaSyD35J8qu3_gQ-jg6HicN42idV-hx7uYGIU"
        }
      ],
      "services": {
        "appinvite_service": {
          "other_platform_oauth_client": [
            {
              "client_id": "671310348420-f9ud8u3mpn3qee5lh8u295a7un0r08h4.apps.googleusercontent.com",
              "client_type": 3
            }
          ]
        }
      }
    }
  ],
  "configuration_version": "1"
}