{
  "project_info": {
    "project_number": "579636522045",
    "project_id": "sihaproto",
    "storage_bucket": "sihaproto.appspot.com"
  },
  "client": [
    {
      "client_info": {
        "mobilesdk_app_id": "1:579636522045:android:a8094df23f9742b1f38e54",
        "android_client_info": {
          "package_name": "com.example.app"
        }
      },
      "oauth_client": [
        {
          "client_id": "579636522045-qbr17bfmjnv2dml5h1j9psp7io3l5ihk.apps.googleusercontent.com",
          "client_type": 1,
          "android_info": {
            "package_name": "com.example.app",
            "certificate_hash": "8913bdac1ad601b864b204a2623e0232c8355a4c"
          }
        },
        {
          "client_id": "579636522045-9f9l0rq4eq76u6gkf2cankblavr9a39r.apps.googleusercontent.com",
          "client_type": 3
        }
      ],
      "api_key": [
        {
          "current_key": "AIzaSyCuxzXcIv6doDzu7FvnwAPQUL3cyn9hx7k"
        }
      ],
      "services": {
        "appinvite_service": {
          "other_platform_oauth_client": [
            {
              "client_id": "579636522045-9f9l0rq4eq76u6gkf2cankblavr9a39r.apps.googleusercontent.com",
              "client_type": 3
            }
          ]
        }
      }
    }
  ],
  "configuration_version": "1"
}